Category,No. of reviews,Rating,Time elapsed after the last update,Size,"No. of Installations
(in '00000s)",Required Android Version,content_rating,Success
BOOKS_AND_REFERENCE,7626,4.4,3 months,between 10-20,10,above 4,Everyone ,successful
BOOKS_AND_REFERENCE,611013,4.6,1 month,less than 10,100,above 4,Everyone,successful
BOOKS_AND_REFERENCE,5324,4.1,more than 6 months,between 20-30,10,above 4,Everyone,Not Successful
BOOKS_AND_REFERENCE,24209,4.2,1 month,between 30-40,10,above 4,Teen,Not Successful
BOOKS_AND_REFERENCE,276120,4.8,3 months,between 40-50,100,above 5,Everyone,successful
BOOKS_AND_REFERENCE,922358,4.1,1 month,between 40-50,1000,above 5,Teen,Not Successful
BOOKS_AND_REFERENCE,3484954,4.3,1 month,between 10-20,1000,above 4,Teen,successful
BOOKS_AND_REFERENCE,64960,4.3,3 months,less than 10,50,above 6,Everyone,successful
BOOKS_AND_REFERENCE,6284,3.4,1 month,between 10-20,10,above 5,Teen,Not Successful
BOOKS_AND_REFERENCE,15612,4.6,3 months,less than 10,10,above 4,Everyone,successful
BOOKS_AND_REFERENCE,10234,3.9,more than 6 months,less than 10,10,above 5,Everyone,Not Successful
BOOKS_AND_REFERENCE,13808,3.6,3 months,between 20-30,5,above 4,Everyone,Not Successful
BOOKS_AND_REFERENCE,5324,4.1,more than 6 months,between 20-30,10,above 4,Everyone,Not Successful
BOOKS_AND_REFERENCE,107990,3.8,3 months,between 30-40,100,above 4,Everyone,Not Successful
BOOKS_AND_REFERENCE,1572603,4.2,3 months,less than 10,10000,above 4,Teen,Not Successful
BOOKS_AND_REFERENCE,21254,4.5,3 months,less than 10,10,above 4,Everyone,successful
BOOKS_AND_REFERENCE,182952,4.7,6 months,less than 10,50,above 4,Teen,successful
BOOKS_AND_REFERENCE,491762,3.7,1 month,between 10-20,100,above 4,Teen,Not Successful
BOOKS_AND_REFERENCE,152996,4.5,1 month,between 10-20,10,above 4,Mature ,successful
BOOKS_AND_REFERENCE,4876,4.4,1 month,between 10-20,5,above 5,Teen,successful
BOOKS_AND_REFERENCE,24214,4.2,1 month,between 30-40,10,above 4,Teen,Not Successful
TOOLS,281966,4,more than 6 months,between 20-30,100,above 4,Everyone,Not Successful
COMMUNICATION,3350514,4.4,1 month,above 50,1000,above 4,Everyone,successful
SOCIAL,3073492,4.4,1 month,less than 10,100,above 4,Everyone,successful
PRODUCTIVITY,42936,4.4,1 month,above 50,1000,above 5,Everyone,successful
COMMUNICATION,4638398,3.2,3 months,above 50,10,above 5,Everyone,Not Successful
COMMUNICATION,201091,4,1 month,between 10-20,100,above 5,Everyone,Not Successful
COMMUNICATION,6542839,4.4,3 months,between 10-20,50000,above 4,Everyone,successful
COMMUNICATION,22018,4.1,3 months,less than 10,10,above 4,Everyone,Not Successful
COMMUNICATION,4889311,4.5,1 month,between 20-30,1000,above 5,Everyone,successful
COMMUNICATION,235963,4.7,1 month,between 10-20,100,above 5,Everyone,successful
COMMUNICATION,96788,3.7,3 months,between 20-30,50,above 6,Everyone,Not Successful
COMMUNICATION,614770,4.5,3 months,less than 10,100,above 6,Everyone,successful
COMMUNICATION,200797,3.5,1 month,between 10-20,100,above 5,Everyone,Not Successful
COMMUNICATION,101394,4.3,3 months,between 10-20,50,above 5,Everyone,successful
SOCIAL,238534,4.3,1 month,between 20-30,100,above 4,Mature ,successful
COMMUNICATION,29301,4.1,more than 6 months,between 20-30,10,above 4,Everyone,Not Successful
COMMUNICATION,242214,4.4,1 month,between 30-40,100,above 4,Teen,successful
COMMUNICATION,747180,4.5,1 month,above 50,100,above 4,Teen,successful
SOCIAL,65545,4,1 month,above 50,50,above 4,Teen,Not Successful
COMMUNICATION,11808392,4.5,1 month,between 30-40,5000,above 5,Everyone,successful
SOCIAL,6758012,3.7,1 month,above 50,1000,above 4,Mature ,Not Successful
VIDEO_PLAYERS,1139019,4,more than 6 months,less than 10,500,above 4,Teen,Not Successful
EDUCATION,170499,4.6,1 month,between 30-40,100,above 4,Everyone,successful
SOCIAL,93094399,4.4,3 months,between 30-40,10000,above 5,Teen,successful
SOCIAL,94527825,4.2,1 month,above 50,50000,above 4,Teen,Not Successful
NEWS_AND_MAGAZINES,14399454,4.5,1 month,between 10-20,5000,above 5,Mature ,successful
SOCIAL,3833138,4.4,1 month,above 50,1000,above 4,Mature ,successful
SOCIAL,58605,3.5,3 months,less than 10,10,above 4,Mature ,Not Successful
COMMUNICATION,385930,4.5,3 months,between 10-20,100,above 4,Everyone,successful
COMMUNICATION,103082311,4.3,3 months,between 20-30,10000,above 4,Everyone,successful
COMMUNICATION,5764708,3.8,1 month,above 50,1000,above 5,Everyone,Not Successful
COMMUNICATION,29142,4.2,more than 6 months,between 20-30,10,above 4,Everyone,Not Successful
COMMUNICATION,1847057,4.5,3 months,between 20-30,5000,above 4,Everyone,successful
MEDICAL,193,4.7,more than 6 months,less than 10,0.1,above 4,Everyone,Not Successful
MEDICAL,39,1.9,more than 6 months,less than 10,0.05,above 4,Everyone,Not Successful
MEDICAL,24,4,more than 6 months,above 50,0.01,above 6,Everyone,Not Successful
MEDICAL,7992,4.4,3 months,less than 10,10,above 4,Everyone ,successful
MEDICAL,6480,3.6,3 months,between 30-40,10,above 5,Everyone,Not Successful
MEDICAL,140,4.5,1 month,less than 10,0.01,above 5,Everyone,Not Successful
MEDICAL,2057,4.7,1 month,less than 10,1,above 5,Everyone,successful
MEDICAL,681,3.8,1 month,less than 10,1,above 5,Everyone,Not Successful
MEDICAL,9422,4.5,1 month,between 10-20,1,above 4,Everyone,successful
MEDICAL,451,1.7,more than 6 months,between 10-20,0.1,above 4,Everyone,Not Successful
MEDICAL,829,4.5,1 month,between 10-20,0.1,above 4,Everyone,Not Successful
MEDICAL,20289,4.7,3 months,between 20-30,10,above 4,Everyone,successful
MEDICAL,12229,4.1,6 months,between 10-20,10,above 4,Everyone,Not Successful
MEDICAL,2048,4.4,3 months,between 40-50,1,above 4,Everyone,successful
MEDICAL,16,2.4,3 months,less than 10,0.05,above 4,Everyone,Not Successful
MEDICAL,71,3.1,more than 6 months,less than 10,0.5,above 4,Everyone,Not Successful
MEDICAL,567,2.9,more than 6 months,less than 10,0.5,above 6,Teen,Not Successful
MEDICAL,1824,4.5,more than 6 months,less than 10,1,above 6,Everyone,successful
MEDICAL,3694,3.6,more than 6 months,between 10-20,1,above 4,Everyone,Not Successful
MEDICAL,2280,3.5,more than 6 months,between 10-20,1,above 4,Everyone,Not Successful
MEDICAL,178,3,more than 6 months,less than 10,1,above 4,Everyone,Not Successful
MEDICAL,195,3.8,more than 6 months,between 10-20,1,above 4,Teen,Not Successful
MEDICAL,132,3.6,more than 6 months,between 20-30,0.5,above 4,Everyone,Not Successful
MEDICAL,43,4.1,6 months,between 10-20,0.1,above 4,Everyone,Not Successful
MEDICAL,0,3.9,3 months,between 10-20,0.5,above 4,Everyone,Not Successful
MEDICAL,20289,4.7,3 months,between 20-30,10,above 4,Everyone,successful
MEDICAL,660,2.3,6 months,less than 10,1,above 4,Everyone,Not Successful
MEDICAL,537,3.2,3 months,between 30-40,0.5,above 4,Everyone,Not Successful
MEDICAL,3505,3.7,3 months,between 10-20,5,above 5,Everyone,Not Successful
MEDICAL,8152,3.7,3 months,between 10-20,10,above 4,Everyone,Not Successful
MEDICAL,1042,3.4,3 months,less than 10,1,above 5,Everyone,Not Successful
MEDICAL,331,3.9,1 month,between 10-20,1,above 4,Everyone ,Not Successful
MEDICAL,248745,4.6,1 month,between 10-20,100,above 5,Everyone,successful
MEDICAL,148459,4.5,3 months,between 10-20,50,above 5,Everyone,successful
NEWS_AND_MAGAZINES,64617,3.3,1 month,less than 10,10,above 5,Teen,Not Successful
MUSIC_AND_AUDIO,29036,4.5,6 months,less than 10,10,above 4,Everyone,successful
MUSIC_AND_AUDIO,215078,4.6,3 months,between 20-30,10,above 4,Everyone,successful
MUSIC_AND_AUDIO,43458,4.2,3 months,between 30-40,500,above 4,Everyone,Not Successful
MUSIC_AND_AUDIO,1005375,4.3,more than 6 months,between 20-30,100,above 4,Everyone,successful
MUSIC_AND_AUDIO,251286,4.5,more than 6 months,between 10-20,100,above 6,Everyone,successful
MUSIC_AND_AUDIO,13156,4.5,more than 6 months,less than 10,10,above 4,Everyone,successful
MUSIC_AND_AUDIO,796687,4.5,3 months,between 20-30,500,above 5,Everyone,successful
ENTERTAINMENT,128232,3.9,more than 6 months,between 10-20,100,above 5,Everyone,Not Successful
MUSIC_AND_AUDIO,35707,3.8,more than 6 months,less than 10,50,above 6,Everyone,Not Successful
MUSIC_AND_AUDIO,3808466,4.1,1 month,between 30-40,1000,above 4,Teen,Not Successful
MUSIC_AND_AUDIO,3641000,4.4,3 months,between 10-20,1000,above 5,Teen,successful
MUSIC_AND_AUDIO,290580,4.8,more than 6 months,less than 10,100,above 4,Everyone,successful
MUSIC_AND_AUDIO,240999,4.8,3 months,between 10-20,100,above 5,Everyone,successful
MUSIC_AND_AUDIO,345,4.1,6 months,less than 10,0.5,above 5,Everyone,Not Successful
MUSIC_AND_AUDIO,1992386,4.5,1 month,between 20-30,500,above 5,Teen,successful
MUSIC_AND_AUDIO,1312841,4.4,3 months,less than 10,500,above 5,Everyone,successful
MUSIC_AND_AUDIO,29806,4.3,3 months,between 10-20,10,above 5,Teen,successful
MUSIC_AND_AUDIO,2435,4.5,more than 6 months,less than 10,1,above 4,Everyone,successful
MUSIC_AND_AUDIO,1753400,4.5,3 months,between 10-20,1000,above 5,Teen,successful
MUSIC_AND_AUDIO,4300562,4.1,3 months,above 50,50000,above 5,Teen,Not Successful
MUSIC_AND_AUDIO,2878059,4.6,1 month,between 20-30,1000,above 4,Teen,successful
MUSIC_AND_AUDIO,1088758,4.4,1 month,between 10-20,1000,above 4,Everyone,successful
MUSIC_AND_AUDIO,709806,4.6,more than 6 months,between 30-40,100,above 4,Everyone,successful
MUSIC_AND_AUDIO,1242703,4.6,1 month,less than 10,500,above 6,Everyone,successful
NEWS_AND_MAGAZINES,495119,4.7,1 month,between 10-20,50,above 5,Teen,successful
NEWS_AND_MAGAZINES,33247,2.6,more than 6 months,between 10-20,10,above 4,Everyone,Not Successful
NEWS_AND_MAGAZINES,80450,4.6,1 month,between 10-20,10,above 4,Teen,successful
NEWS_AND_MAGAZINES,14358,3.4,1 month,between 10-20,10,above 5,Teen,Not Successful
VIDEO_PLAYERS,26131,4.7,6 months,less than 10,5,above 4,Everyone,successful
BOOKS_AND_REFERENCE,866776,4.6,3 months,between 30-40,1000,above 4,Teen,successful
BOOKS_AND_REFERENCE,7480,2.8,3 months,between 10-20,10,above 4,Teen,Not Successful
BOOKS_AND_REFERENCE,294,2.2,more than 6 months,between 40-50,0.5,above 5,Everyone,Not Successful
BOOKS_AND_REFERENCE,2520,3.4,3 months,between 30-40,1,above 4,Teen,Not Successful
BOOKS_AND_REFERENCE,2114,2.6,6 months,less than 10,1,above 5,Everyone,Not Successful
COMMUNICATION,2863,4.2,3 months,less than 10,5,above 5,Everyone,Not Successful
COMMUNICATION,1471,4.2,3 months,less than 10,1,above 4,Everyone,Not Successful
COMMUNICATION,144726,4.2,3 months,between 10-20,100,above 4,Everyone,Not Successful
COMMUNICATION,38937,4.1,3 months,between 10-20,10,above 4,Everyone,Not Successful
COMMUNICATION,166,3.2,6 months,less than 10,1,above 5,Everyone,Not Successful
COMMUNICATION,130642,3.3,3 months,between 30-40,100,above 4,Everyone,Not Successful
HEALTH_AND_FITNESS,333519,3.7,3 months,between 40-50,500,above 5,Everyone,Not Successful
HEALTH_AND_FITNESS,68591,4.8,3 months,less than 10,100,above 4,Everyone,successful
HEALTH_AND_FITNESS,8215,4,3 months,between 30-40,10,above 5,Everyone,Not Successful
HEALTH_AND_FITNESS,6224,3.5,3 months,between 10-20,5,above 5,Everyone,Not Successful
HEALTH_AND_FITNESS,11758,2.7,3 months,less than 10,50,above 5,Everyone,Not Successful
HEALTH_AND_FITNESS,1330,3,6 months,between 10-20,1,above 5,Everyone,Not Successful
HEALTH_AND_FITNESS,4242,4.6,3 months,above 50,1,above 5,Teen,successful
HEALTH_AND_FITNESS,24501,3.6,3 months,between 20-30,100,above 4,Everyone,Not Successful
HEALTH_AND_FITNESS,486,1.5,6 months,between 20-30,0.1,above 6,Everyone,Not Successful
HEALTH_AND_FITNESS,10556,4.6,3 months,between 30-40,1,above 5,Everyone,successful
MEDICAL,238150,4.6,3 months,between 10-20,100,above 5,Everyone,successful
MEDICAL,154682,4.6,3 months,less than 10,50,above 5,Everyone,successful
MEDICAL,626,3.7,6 months,between 10-20,0.5,above 4,Everyone,Not Successful
MEDICAL,3383,3.9,3 months,between 10-20,5,above 5,Everyone,Not Successful
MEDICAL,1517,3.7,3 months,between 20-30,1,above 4,Everyone,Not Successful
MEDICAL,47,3.3,3 months,less than 10,0.1,above 4,Everyone,Not Successful
MEDICAL,2798,3.8,3 months,less than 10,1,above 4,Everyone,Not Successful
MUSIC_AND_AUDIO,71226,4.4,3 months,between 10-20,50,above 4,Teen,successful
MUSIC_AND_AUDIO,2412,4.3,more than 6 months,less than 10,10,above 5,Everyone,successful
MUSIC_AND_AUDIO,65,3.8,more than 6 months,less than 10,1,above 5,Everyone,Not Successful
MUSIC_AND_AUDIO,6185,4.1,more than 6 months,between 20-30,10,above 5,Everyone,Not Successful
MUSIC_AND_AUDIO,76281,2.7,6 months,less than 10,50,above 4,Teen,Not Successful
MUSIC_AND_AUDIO,250991,4.1,3 months,less than 10,500,above 5,Everyone,Not Successful
VIDEO_PLAYERS,3486,4,3 months,between 10-20,5,above 4,Everyone,Not Successful
NEWS_AND_MAGAZINES,64206,3.3,6 months,less than 10,10,above 5,Teen,Not Successful
BOOKS_AND_REFERENCE,107117,3.8,3 months,between 30-40,100,above 4,Everyone,Not Successful
BOOKS_AND_REFERENCE,1565739,4.2,3 months,between 10-20,10000,above 4,Teen,Not Successful
BOOKS_AND_REFERENCE,917743,4.1,3 months,between 40-50,1000,above 4,Teen,Not Successful
PHOTOGRAPHY,1310164,4.6,3 months,above 50,1000,above 4,Everyone,successful
PHOTOGRAPHY,8939147,4.3,3 months,between 30-40,5000,above 4,Teen,successful
BEAUTY,114845,4.2,more than 6 months,above 50,100,above 4,Everyone,Not Successful
PHOTOGRAPHY,4252667,4.5,1 month,above 50,1000,above 4,Everyone,successful
PHOTOGRAPHY,368473,4.7,3 months,between 10-20,100,above 4,Everyone,successful
PHOTOGRAPHY,94551,4.1,1 month,above 50,50,above 4,Everyone,Not Successful
PHOTOGRAPHY,138459,4.4,3 months,above 50,50,above 6,Everyone,successful
ENTERTAINMENT,10034,4.2,more than 6 months,between 20-30,5,above 6,Everyone,Not Successful
PHOTOGRAPHY,1149,4,3 months,between 20-30,1,above 4,Everyone,Not Successful
PHOTOGRAPHY,19594,3.2,more than 6 months,less than 10,10,above 4,Everyone,Not Successful
PHOTOGRAPHY,35647,4.3,more than 6 months,between 10-20,50,above 4,Everyone,successful
PHOTOGRAPHY,7586,4.4,more than 6 months,less than 10,10,above 4,Everyone,successful
PHOTOGRAPHY,578,4.3,more than 6 months,less than 10,1,above 6,Everyone,successful
PHOTOGRAPHY,24089,4.1,more than 6 months,less than 10,10,above 4,Everyone,Not Successful
PHOTOGRAPHY,72752,4,3 months,between 20-30,50,above 4,Everyone,Not Successful
PHOTOGRAPHY,168072,3.7,more than 6 months,less than 10,100,above 4,Everyone,Not Successful
PHOTOGRAPHY,204906,4.6,3 months,between 20-30,100,above 5,Everyone,successful
PHOTOGRAPHY,852197,4.5,1 month,less than 10,500,above 4,Teen,successful
PHOTOGRAPHY,16765,4.2,6 months,above 50,10,above 5,Everyone,Not Successful
PHOTOGRAPHY,1514558,4.6,1 month,between 20-30,500,above 4,Everyone,successful
PHOTOGRAPHY,870169,3.7,3 months,between 20-30,500,above 4,Everyone,Not Successful
PHOTOGRAPHY,4252662,4.5,1 month,above 50,1000,above 4,Everyone,successful
PHOTOGRAPHY,4412822,4.8,1 month,between 20-30,1000,above 4,Teen,successful
EDUCATION,175,3.5,1 month,between 10-20,1,above 4,Everyone,Not Successful
EDUCATION,226856,4.5,3 months,less than 10,100,above 4,Everyone,successful
EDUCATION,25552,3.8,3 months,above 50,100,above 4,Teen,Not Successful
EDUCATION,174,4.3,6 months,less than 10,0.5,above 6,Everyone,Not Successful
EDUCATION,67951,4.1,3 months,between 40-50,50,above 4,Everyone,Not Successful
EDUCATION,27916,4.1,1 month,less than 10,5,above 4,Everyone,Not Successful
EDUCATION,480,3.9,3 months,less than 10,0.5,above 4,Everyone,Not Successful
EDUCATION,719,3.5,3 months,less than 10,0.1,above 4,Everyone,Not Successful
EDUCATION,216,3.5,1 month,between 10-20,1,above 4,Everyone,Not Successful
EDUCATION,8510219,4.7,1 month,less than 10,1000,above 4,Everyone,successful
EDUCATION,3021,3.9,more than 6 months,less than 10,1,above 6,Everyone,Not Successful
EDUCATION,54248,4.7,3 months,between 10-20,10,above 4,Everyone ,successful
EDUCATION,28392,4.1,1 month,above 50,50,above 4,Everyone,Not Successful
EDUCATION,11036,4.5,3 months,less than 10,5,above 4,Everyone,successful
EDUCATION,73148,4.2,1 month,above 50,50,above 4,Everyone,Not Successful
EDUCATION,120731,4.3,3 months,between 10-20,100,above 5,Everyone,successful
EDUCATION,116226,4.4,more than 6 months,less than 10,10,above 4,Everyone,successful
EDUCATION,39066,4.6,1 month,less than 10,10,above 6,Everyone,successful
EDUCATION,156,4,3 months,less than 10,0.1,above 4,Everyone,Not Successful
EDUCATION,102,4.3,3 months,between 10-20,0.5,above 4,Everyone,Not Successful
EDUCATION,3465,4.1,1 month,between 10-20,10,above 4,Everyone,Not Successful
EDUCATION,4879,3.6,1 month,between 10-20,1,above 4,Everyone,Not Successful
EDUCATION,14253,4.5,1 month,less than 10,10,above 4,Everyone,successful
EDUCATION,1390069,4.7,1 month,between 20-30,500,above 4,Everyone,successful
EDUCATION,1061,4.1,6 months,between 10-20,1,above 6,Everyone,Not Successful
EDUCATION,67592,4.5,more than 6 months,less than 10,50,above 4,Everyone,successful
EDUCATION,14476,4.2,1 month,between 20-30,10,above 4,Everyone,Not Successful
EDUCATION,22736,4.6,more than 6 months,between 20-30,50,above 4,Everyone,successful
EDUCATION,109,4.2,6 months,between 10-20,0.5,above 4,Everyone,Not Successful
EDUCATION,1069,4.3,6 months,between 10-20,1,above 4,Everyone,successful
EDUCATION,11209,3.6,6 months,between 10-20,5,above 4,Everyone,Not Successful
EDUCATION,453,3.6,6 months,less than 10,0.1,above 4,Everyone,Not Successful
EDUCATION,423,4.2,1 month,between 10-20,1,above 4,Teen,Not Successful
EDUCATION,24902,4.5,1 month,between 10-20,5,above 4,Everyone,successful
EDUCATION,19657,4,1 month,between 10-20,10,above 4,Everyone,Not Successful
EDUCATION,4775,4.4,1 month,between 30-40,10,above 4,Everyone,successful
EDUCATION,1600,4,3 months,less than 10,10,above 5,Everyone,Not Successful
EDUCATION,7300,4.1,1 month,between 10-20,10,above 4,Everyone,Not Successful
EDUCATION,5219,4.7,6 months,between 20-30,1,above 5,Everyone,successful
EDUCATION,161,4.5,1 month,between 10-20,0.1,above 5,Everyone,Not Successful
EDUCATION,14382,4.5,1 month,between 10-20,10,above 4,Everyone,successful
EDUCATION,35741,4.8,1 month,between 20-30,10,above 4,Mature ,successful
EDUCATION,59,2.8,1 month,between 30-40,0.1,above 4,Everyone,Not Successful
EDUCATION,1202,4.1,3 months,less than 10,1,above 5,Everyone ,Not Successful
EDUCATION,59800,4.8,3 months,between 10-20,10,above 5,Everyone,successful
EDUCATION,410340,4.4,1 month,above 50,100,above 5,Everyone,successful
EDUCATION,246900,4.4,1 month,above 50,100,above 5,Everyone,successful
EDUCATION,18798,4.1,1 month,between 20-30,10,above 5,Everyone,Not Successful
EDUCATION,25886,4.5,1 month,between 10-20,10,above 5,Everyone,successful
FOOD_AND_DRINK,732,3.9,1 month,between 10-20,1,above 4,Everyone,Not Successful
FOOD_AND_DRINK,0,3.9,1 month,between 10-20,0.0005,above 5,Everyone,Not Successful
FOOD_AND_DRINK,9249,4.7,1 month,between 10-20,10,above 6,Everyone,successful
FOOD_AND_DRINK,1089,2.7,3 months,less than 10,0.5,above 6,Everyone,Not Successful
FOOD_AND_DRINK,10,3.8,1 month,between 30-40,0.005,above 4,Teen,Not Successful
FOOD_AND_DRINK,1375,3.2,1 month,less than 10,1,above 4,Everyone,Not Successful
FOOD_AND_DRINK,25255,4.1,1 month,between 10-20,10,above 4,Everyone,Not Successful
FOOD_AND_DRINK,728,3.5,1 month,between 10-20,0.1,above 4,Everyone,Not Successful
FOOD_AND_DRINK,50,4.6,more than 6 months,less than 10,0.1,above 4,Everyone,Not Successful
FOOD_AND_DRINK,112771,4.1,1 month,between 20-30,50,above 4,Everyone,Not Successful
FOOD_AND_DRINK,0,3.5,1 month,between 10-20,0.001,above 4,Everyone,Not Successful
FOOD_AND_DRINK,5446,4.1,1 month,less than 10,1,above 5,Everyone,Not Successful
FOOD_AND_DRINK,2630,4.7,3 months,less than 10,1,above 5,Everyone,successful
FOOD_AND_DRINK,37,5,1 month,less than 10,0.001,above 6,Everyone,Not Successful
FOOD_AND_DRINK,120,4.3,3 months,between 10-20,0.01,above 4,Everyone,Not Successful
FOOD_AND_DRINK,0,3.9,6 months,less than 10,0.001,above 4,Everyone,Not Successful
FOOD_AND_DRINK,159,3.5,1 month,less than 10,0.1,above 4,Everyone,Not Successful
FOOD_AND_DRINK,8,4.6,3 months,between 10-20,0.005,above 4,Teen,Not Successful
FOOD_AND_DRINK,196,3,3 months,less than 10,1,above 5,Everyone,Not Successful
FOOD_AND_DRINK,27,3.6,3 months,less than 10,0.01,above 5,Everyone,Not Successful
FOOD_AND_DRINK,561,4.1,3 months,between 10-20,1,above 5,Everyone,Not Successful
FOOD_AND_DRINK,472,4.8,3 months,between 10-20,0.1,above 4,Everyone,Not Successful
FOOD_AND_DRINK,23,4.8,3 months,less than 10,0.005,above 5,Everyone,Not Successful
FOOD_AND_DRINK,3311,3.9,1 month,less than 10,1,above 4,Everyone,Not Successful
FOOD_AND_DRINK,176220,3.5,3 months,between 30-40,100,above 5,Everyone,Not Successful
FOOD_AND_DRINK,9,4.9,6 months,between 10-20,0.005,above 4,Everyone,Not Successful
FOOD_AND_DRINK,9,5,1 month,less than 10,0.001,above 5,Everyone,Not Successful
FOOD_AND_DRINK,7,5,1 month,between 10-20,0.001,above 4,Everyone,Not Successful
FOOD_AND_DRINK,6,5,1 month,between 10-20,0.01,above 4,Everyone,Not Successful
FOOD_AND_DRINK,27,4,more than 6 months,between 10-20,0.1,above 4,Everyone,Not Successful
FOOD_AND_DRINK,0,4,1 month,between 10-20,0.001,above 4,Everyone,Not Successful
FOOD_AND_DRINK,7,5,1 month,less than 10,0.0001,above 4,Everyone,Not Successful
FOOD_AND_DRINK,5553,4.2,3 months,between 10-20,5,above 5,Everyone,Not Successful
FOOD_AND_DRINK,315,3.6,1 month,between 10-20,0.5,above 4,Teen,Not Successful
FOOD_AND_DRINK,2294,3.5,more than 6 months,less than 10,1,above 4,Everyone,Not Successful
FOOD_AND_DRINK,1864,3.6,3 months,less than 10,0.5,above 4,Everyone,Not Successful
FOOD_AND_DRINK,50,4.8,3 months,less than 10,0.01,above 5,Everyone,Not Successful
FOOD_AND_DRINK,68405,4.5,1 month,between 10-20,10,above 5,Everyone,successful
FOOD_AND_DRINK,13,4,3 months,less than 10,0.01,above 6,Everyone,Not Successful
FOOD_AND_DRINK,80809,4.7,3 months,between 10-20,50,above 5,Everyone,successful
FOOD_AND_DRINK,39,3.3,more than 6 months,less than 10,0.01,above 4,Everyone,Not Successful
FOOD_AND_DRINK,2007462,4.1,1 month,between 30-40,1000,above 5,Everyone,Not Successful
FOOD_AND_DRINK,13,3.9,1 month,between 30-40,0.01,above 4,Everyone,Not Successful
FOOD_AND_DRINK,6,4,3 months,less than 10,0.001,above 4,Everyone,Not Successful
FOOD_AND_DRINK,16,5,1 month,less than 10,0.001,above 5,Everyone,Not Successful
FOOD_AND_DRINK,754,4.2,3 months,between 10-20,0.1,above 5,Everyone,Not Successful
FOOD_AND_DRINK,16,3.2,6 months,less than 10,0.05,above 4,Mature ,Not Successful
FOOD_AND_DRINK,540,4.3,more than 6 months,less than 10,0.5,above 4,Everyone,Not Successful
FOOD_AND_DRINK,5503,4.5,1 month,between 20-30,5,above 4,Everyone,successful
FOOD_AND_DRINK,6515,4.5,more than 6 months,between 10-20,5,above 6,Everyone,successful
GAME_RACING,5796,4.7,1 month,above 50,1,above 4,Everyone,successful
GAME_WORD,20,4.8,1 month,above 50,0.01,above 4,Everyone,Not Successful
GAME_SPORTS,458175,4.1,6 months,above 50,500,above 4,Everyone,Not Successful
GAME_ACTION,4476,4.3,1 month,between 40-50,10,above 4,Teen,successful
GAME_SPORTS,37682,4.7,1 month,between 40-50,10,above 4,Everyone ,successful
GAME_RACING,17068,3.9,3 months,above 50,100,above 4,Everyone,Not Successful
GAME_RACING,5617,4,1 month,between 40-50,10,above 4,Everyone,Not Successful
GAME_ACTION,118725,4.1,1 month,above 50,100,above 4,Everyone,Not Successful
GAME_WORD,10464,4.5,1 month,less than 10,10,above 6,Teen,successful
GAME_RACING,2816155,4.2,1 month,above 50,1000,above 4,Everyone,Not Successful
GAME_ACTION,16264,3.4,3 months,between 40-50,10,above 5,Mature ,Not Successful
GAME_STRATEGY,125,3.5,more than 6 months,above 50,0.1,above 4,Teen,Not Successful
GAME_STRATEGY,820552,4.6,1 month,above 50,100,above 4,Everyone ,successful
GAME_STRATEGY,165899,4.4,more than 6 months,above 50,50,above 4,Everyone,successful
GAME_WORD,211981,4,1 month,above 50,100,above 5,Everyone,Not Successful
GAME_STRATEGY,111,3.8,1 month,between 40-50,1,above 4,Everyone,Not Successful
GAME_ACTION,361457,4.4,1 month,between 30-40,100,above 4,Teen,successful
GAME_SPORTS,2031,4.3,more than 6 months,between 40-50,5,above 4,Everyone,successful
GAME_RACING,26994,4,6 months,between 40-50,100,above 4,Everyone,Not Successful
GAME_STRATEGY,97301,4.3,3 months,between 30-40,100,above 4,Everyone,successful
GAME_STRATEGY,160362,4.5,3 months,above 50,50,above 4,Everyone,successful
GAME_ACTION,24315454,4.4,3 months,between 40-50,1000,above 4,Teen,successful
GAME_RACING,186411,4.3,3 months,above 50,100,above 4,Everyone,successful
GAME_STRATEGY,69661,4.4,1 month,between 40-50,50,above 4,Everyone,successful
GAME_ACTION,633267,4.1,3 months,above 50,500,above 4,Mature ,Not Successful
GAME_RACING,9110,4.1,3 months,above 50,10,above 4,Everyone ,Not Successful
GAME_RACING,6278756,4.5,1 month,between 30-40,1000,above 4,Everyone,successful
GAME_WORD,485,3.6,6 months,between 40-50,1,above 4,Everyone,Not Successful
GAME_SPORTS,6180612,4.3,3 months,above 50,1000,above 4,Everyone,successful
GAME_SPORTS,1052573,4.4,1 month,above 50,500,above 4,Everyone,successful
GAME_SPORTS,36682,4.4,3 months,between 40-50,10,above 4,Everyone,successful
GAME_SPORTS,12374,4.1,1 month,between 30-40,10,above 4,Everyone,Not Successful
GAME_ACTION,105161,4.2,more than 6 months,between 20-30,100,above 4,Teen,Not Successful
GAME_SPORTS,1429619,4.2,more than 6 months,between 40-50,1000,above 4,Everyone ,Not Successful
GAME_ACTION,30350,3.2,3 months,above 50,50,above 4,Teen,Not Successful
GAME_RACING,6327,4.3,3 months,between 40-50,10,above 4,Everyone,successful
GAME_SPORTS,263797,4.4,1 month,above 50,100,above 4,Everyone,successful
GAME_RACING,59101,4,1 month,above 50,100,above 4,Everyone,Not Successful
GAME_WORD,269,3.6,3 months,between 10-20,1,above 4,Everyone,Not Successful
GAME_ACTION,8620,3.4,3 months,between 40-50,10,above 4,Teen,Not Successful
GAME_STRATEGY,229121,4.1,6 months,between 10-20,100,above 4,Everyone,Not Successful
GAME_WORD,2338,4.5,1 month,between 30-40,1,above 4,Everyone,successful
GAME_WORD,483,3.9,3 months,less than 10,1,above 4,Everyone,Not Successful
GAME_WORD,103377,4.7,1 month,above 50,100,above 4,Everyone,successful
GAME_STRATEGY,87003,3.9,6 months,between 20-30,100,above 4,Everyone ,Not Successful
GAME_SPORTS,74487,4,3 months,between 10-20,100,above 4,Everyone,Not Successful
GAME_STRATEGY,4609721,4.4,1 month,above 50,1000,above 4,Everyone ,successful
GAME_ACTION,3776065,4.3,1 month,above 50,500,above 6,Mature ,successful
SOCIAL,1800,4.1,3 months,between 20-30,10,above 4,Teen,Not Successful
SOCIAL,0,3.6,1 month,between 10-20,0.0001,above 5,Everyone,Not Successful
SOCIAL,34575,3.4,more than 6 months,between 10-20,10,above 6,Mature ,Not Successful
SOCIAL,9,5,1 month,between 10-20,0.005,above 4,Everyone,Not Successful
SOCIAL,15233,4.3,1 month,between 20-30,10,above 4,Mature ,successful
SOCIAL,734,4,6 months,less than 10,1,above 4,Mature ,Not Successful
SOCIAL,8,3.8,6 months,less than 10,0.005,above 4,Everyone,Not Successful
SOCIAL,356,4.3,3 months,less than 10,1,above 5,Teen,successful
SOCIAL,175,3.4,1 month,less than 10,0.1,above 4,Everyone,Not Successful
SOCIAL,539785,4.5,1 month,between 40-50,100,above 4,Everyone,successful
SOCIAL,9236,4.1,3 months,less than 10,1,above 4,Teen,Not Successful
SOCIAL,37582,4.1,3 months,above 50,100,above 4,Teen,Not Successful
SOCIAL,100,4.4,3 months,less than 10,0.5,above 5,Teen,Not Successful
SOCIAL,386718,3.4,1 month,between 30-40,100,above 4,Mature ,Not Successful
SOCIAL,0,4.1,1 month,between 10-20,0.05,above 4,Teen,Not Successful
SOCIAL,115262,4.5,1 month,between 40-50,50,above 4,Mature ,successful
SOCIAL,885,4.3,6 months,less than 10,1,above 6,Mature ,successful
SOCIAL,1764,4.3,3 months,between 10-20,100,above 4,Teen,successful
SOCIAL,605,1.8,3 months,between 20-30,1,above 4,Everyone,Not Successful
SOCIAL,8,1.5,1 month,less than 10,0.01,above 4,Everyone,Not Successful
SOCIAL,134922,4.3,3 months,between 10-20,50,above 5,Mature ,successful
SOCIAL,0,4.2,3 months,less than 10,0.005,above 4,Teen,Not Successful
SOCIAL,90442,4.2,3 months,between 10-20,50,above 4,Mature ,Not Successful
SOCIAL,674,3.8,more than 6 months,less than 10,1,above 4,Teen,Not Successful
SOCIAL,10,4.5,1 month,between 20-30,0.005,above 5,Teen,Not Successful
SOCIAL,1664,3.8,1 month,less than 10,1,above 4,Mature ,Not Successful
SOCIAL,12,4.6,1 month,less than 10,0.0005,above 4,Teen,Not Successful
SOCIAL,17768,4.5,3 months,less than 10,10,above 5,Teen,successful
SOCIAL,13698,4.1,more than 6 months,less than 10,10,above 4,Mature ,Not Successful
SOCIAL,3618,4.7,1 month,between 10-20,1,above 4,Mature ,successful
SOCIAL,21,4.6,1 month,between 10-20,0.05,above 4,Mature ,Not Successful
SOCIAL,127,3.4,6 months,between 10-20,0.5,above 6,Teen,Not Successful
SOCIAL,49286,4.4,1 month,between 20-30,10,above 4,Teen,successful
SOCIAL,232428,4.3,1 month,between 20-30,100,above 4,Teen,successful
SOCIAL,509673,4.5,1 month,less than 10,100,above 4,Mature ,successful
SOCIAL,145764,4.2,1 month,between 10-20,100,above 4,Mature ,Not Successful
SOCIAL,149,4.3,more than 6 months,less than 10,0.1,above 4,Everyone,Not Successful
SOCIAL,1148713,4.3,1 month,between 30-40,500,above 4,Mature ,successful
SOCIAL,0,3.8,1 month,less than 10,0.001,above 4,Everyone,Not Successful
SOCIAL,204213,4.4,3 months,between 30-40,100,above 4,Mature ,successful
SOCIAL,400972,4.3,1 month,between 20-30,100,above 5,Everyone,successful
SOCIAL,5986,4.1,1 month,between 10-20,5,above 4,Mature ,Not Successful
SOCIAL,3833094,4.4,1 month,above 50,1000,above 4,Mature ,successful
SOCIAL,356,3.9,3 months,between 10-20,5,above 5,Mature ,Not Successful
SOCIAL,102,4.4,1 month,less than 10,0.1,above 5,Teen,Not Successful
SOCIAL,0,3.9,1 month,less than 10,0.005,above 6,Everyone,Not Successful
SOCIAL,76892,4.1,1 month,above 50,100,above 5,Mature ,Not Successful
SOCIAL,1041,4.6,3 months,less than 10,1,above 4,Everyone,successful
SOCIAL,359606,3.9,3 months,between 40-50,100,above 4,Mature ,Not Successful
TRAVEL_AND_LOCAL,90929,4.4,1 month,between 10-20,10,above 4,Everyone,successful
TRAVEL_AND_LOCAL,0,4,1 month,less than 10,0.005,above 4,Teen,Not Successful
TRAVEL_AND_LOCAL,5637,4.5,1 month,between 20-30,1,above 4,Everyone,successful
TRAVEL_AND_LOCAL,983,4.4,3 months,between 40-50,10,above 4,Mature ,successful
TRAVEL_AND_LOCAL,981,4.4,3 months,between 40-50,10,above 4,Mature ,successful
TRAVEL_AND_LOCAL,2446911,4.8,1 month,between 30-40,1000,above 4,Everyone,successful
TRAVEL_AND_LOCAL,1873,4.2,1 month,between 40-50,1,above 5,Everyone,Not Successful
TRAVEL_AND_LOCAL,2711,3.8,more than 6 months,between 30-40,10,above 4,Teen,Not Successful
TRAVEL_AND_LOCAL,1546,4.3,3 months,less than 10,5,above 4,Everyone,successful
TRAVEL_AND_LOCAL,24,3.7,1 month,between 10-20,0.01,above 4,Everyone,Not Successful
TRAVEL_AND_LOCAL,2535851,4.4,3 months,less than 10,1000,above 4,Everyone,successful
TRAVEL_AND_LOCAL,45676,4.2,more than 6 months,less than 10,1000,above 4,Everyone,Not Successful
TRAVEL_AND_LOCAL,397,4.1,1 month,less than 10,1,above 4,Everyone,Not Successful
TRAVEL_AND_LOCAL,47,5,1 month,less than 10,0.001,above 4,Everyone,Not Successful
TRAVEL_AND_LOCAL,59431,4.2,1 month,between 10-20,100,above 4,Everyone,Not Successful
TRAVEL_AND_LOCAL,1134,3.3,1 month,between 20-30,1,above 4,Teen,Not Successful
TRAVEL_AND_LOCAL,57272,4,3 months,less than 10,50,above 5,Everyone,Not Successful
TRAVEL_AND_LOCAL,6755,4.3,1 month,less than 10,10,above 4,Everyone,successful
TRAVEL_AND_LOCAL,88,4.6,6 months,between 20-30,0.1,above 5,Everyone,Not Successful
TRAVEL_AND_LOCAL,82745,4.4,1 month,less than 10,50,above 5,Everyone,successful
TRAVEL_AND_LOCAL,312711,4.4,3 months,between 20-30,100,above 4,Everyone,successful
TRAVEL_AND_LOCAL,23192,4.6,1 month,between 20-30,50,above 4,Everyone,successful
TRAVEL_AND_LOCAL,4266,3.9,3 months,less than 10,10,above 4,Everyone,Not Successful
TRAVEL_AND_LOCAL,18815,4.7,1 month,between 10-20,10,above 4,Everyone,successful
TRAVEL_AND_LOCAL,1448,4.6,1 month,between 10-20,0.5,above 5,Everyone,Not Successful
TRAVEL_AND_LOCAL,4293,4.1,3 months,less than 10,10,above 4,Everyone,Not Successful
TRAVEL_AND_LOCAL,296,4.4,1 month,between 30-40,1,above 5,Everyone,successful
TRAVEL_AND_LOCAL,404828,4.5,1 month,between 10-20,100,above 4,Everyone,successful
TRAVEL_AND_LOCAL,2849,4.4,more than 6 months,between 10-20,5,above 6,Everyone,successful
TRAVEL_AND_LOCAL,5285,4.1,3 months,between 40-50,50,above 4,Everyone ,Not Successful
TRAVEL_AND_LOCAL,0,3.8,1 month,between 10-20,0.0005,above 4,Everyone,Not Successful
TRAVEL_AND_LOCAL,78796,4.4,more than 6 months,between 10-20,1000,above 4,Everyone,successful
TRAVEL_AND_LOCAL,251893,4.3,1 month,less than 10,100,above 4,Everyone,successful
TRAVEL_AND_LOCAL,8,4.5,1 month,less than 10,0.01,above 5,Everyone,Not Successful
TRAVEL_AND_LOCAL,9969,4.6,1 month,less than 10,10,above 4,Everyone,successful
TRAVEL_AND_LOCAL,702,4.8,3 months,less than 10,0.5,above 5,Everyone,Not Successful
TRAVEL_AND_LOCAL,23,4.7,1 month,between 20-30,0.01,above 4,Everyone,Not Successful
TRAVEL_AND_LOCAL,245,4,1 month,less than 10,0.5,above 4,Everyone,Not Successful
TRAVEL_AND_LOCAL,0,3.7,1 month,between 20-30,0.005,above 4,Everyone,Not Successful
TRAVEL_AND_LOCAL,108,4.5,3 months,less than 10,0.1,above 5,Teen,Not Successful
TRAVEL_AND_LOCAL,173,4.2,1 month,less than 10,0.05,above 4,Everyone,Not Successful
TRAVEL_AND_LOCAL,116,3.9,3 months,between 10-20,1,above 5,Everyone,Not Successful
TRAVEL_AND_LOCAL,138,4.2,1 month,less than 10,0.05,above 5,Everyone,Not Successful
TRAVEL_AND_LOCAL,2452,4.1,1 month,less than 10,10,above 4,Everyone,Not Successful
TRAVEL_AND_LOCAL,0,4.4,1 month,between 10-20,0.01,above 4,Everyone,Not Successful
TRAVEL_AND_LOCAL,4225,4.2,3 months,less than 10,10,above 4,Everyone,Not Successful
TRAVEL_AND_LOCAL,8904,4,3 months,above 50,10,above 6,Everyone,Not Successful
TRAVEL_AND_LOCAL,33460,4.5,1 month,between 10-20,10,above 5,Everyone,successful
TRAVEL_AND_LOCAL,1059,3.8,1 month,between 10-20,0.5,above 5,Mature ,Not Successful
TRAVEL_AND_LOCAL,85854,4.8,1 month,between 10-20,50,above 4,Everyone,successful
ENTERTAINMENT,449,4.2,1 month,between 10-20,1,above 4,Teen,Not Successful
ENTERTAINMENT,449,4.2,1 month,between 10-20,1,above 4,Teen,Not Successful
ENTERTAINMENT,449,4.2,1 month,between 10-20,1,above 4,Teen,Not Successful
ENTERTAINMENT,449,4.2,1 month,between 10-20,1,above 4,Teen,Not Successful
PHOTOGRAPHY,24087,4.1,more than 6 months,less than 10,10,above 4,Everyone,Not Successful
PERSONALIZATION,1520,4.3,1 month,between 10-20,1,above 4,Everyone,successful
PHOTOGRAPHY,1336,4,more than 6 months,between 20-30,5,above 6,Everyone,Not Successful
PHOTOGRAPHY,1268,3.1,1 month,between 10-20,1,above 4,Everyone,Not Successful
PHOTOGRAPHY,118,4.6,more than 6 months,less than 10,0.01,above 6,Everyone,Not Successful
PHOTOGRAPHY,1126094,4.8,1 month,between 40-50,100,above 4,Everyone,successful
PHOTOGRAPHY,675692,4.6,more than 6 months,above 50,100,above 4,Everyone,successful
PHOTOGRAPHY,411274,4.6,1 month,between 20-30,100,above 4,Everyone,successful
BEAUTY,331,3.9,3 months,between 20-30,1,above 4,Everyone,Not Successful
BEAUTY,17778,4.8,1 month,between 20-30,1,above 4,Everyone,successful
BEAUTY,6,4.3,more than 6 months,less than 10,0.01,above 4,Everyone,Not Successful
BEAUTY,0,3.2,more than 6 months,less than 10,0.005,above 4,Everyone,Not Successful
LIFESTYLE,0,3.9,more than 6 months,less than 10,0.0001,above 4,Everyone,Not Successful
BEAUTY,125,3.9,more than 6 months,less than 10,1,above 4,Everyone,Not Successful
BEAUTY,2421,4.1,more than 6 months,above 50,10,above 5,Everyone,Not Successful
BEAUTY,2421,4.1,more than 6 months,above 50,10,above 5,Everyone,Not Successful
BEAUTY,1244,4.6,3 months,between 10-20,1,above 5,Everyone,successful
BEAUTY,1165,4.4,1 month,between 10-20,10,above 4,Everyone,successful
BEAUTY,159,3.2,1 month,between 20-30,1,above 4,Everyone,Not Successful
BEAUTY,1205,2.5,6 months,between 20-30,0.5,above 4,Everyone,Not Successful
BEAUTY,0,3.9,more than 6 months,less than 10,0.0001,above 6,Everyone,Not Successful
BEAUTY,44,3.2,6 months,less than 10,0.1,above 5,Everyone,Not Successful
BEAUTY,16,4.4,1 month,less than 10,0.01,above 6,Everyone,Not Successful
BEAUTY,215,4.4,3 months,between 20-30,0.1,above 5,Everyone,Not Successful
BEAUTY,199,4,1 month,between 30-40,0.1,above 5,Everyone,Not Successful
BEAUTY,0,3.7,more than 6 months,less than 10,0.0001,above 6,Everyone,Not Successful
BEAUTY,0,4,more than 6 months,above 50,0.01,above 5,Everyone,Not Successful
BEAUTY,21,3.7,3 months,less than 10,0.01,above 6,Everyone,Not Successful
BEAUTY,2234,3.9,1 month,less than 10,1,above 4,Everyone,Not Successful
FINANCE,5,4.8,3 months,less than 10,0.001,above 4,Everyone,Not Successful
BEAUTY,450,4.4,6 months,between 20-30,0.5,above 4,Everyone,Not Successful
LIFESTYLE,176,3.9,3 months,between 10-20,0.1,above 4,Everyone,Not Successful
PHOTOGRAPHY,34990,4.8,more than 6 months,between 20-30,10,above 4,Everyone,successful
ENTERTAINMENT,14922,4.4,more than 6 months,above 50,5,above 6,Everyone,successful
PHOTOGRAPHY,3184,3.4,more than 6 months,less than 10,10,above 6,Everyone,Not Successful
DATING,587,3.5,1 month,less than 10,5,above 4,Mature ,Not Successful
DATING,3255,3.8,3 months,less than 10,10,above 6,Mature ,Not Successful
DATING,34,3.6,3 months,less than 10,0.5,above 4,Mature ,Not Successful
DATING,18,3.6,1 month,between 10-20,0.1,above 4,Mature ,Not Successful
DATING,102,3.7,1 month,between 10-20,0.5,above 4,Mature ,Not Successful
DATING,4090,4.7,1 month,between 20-30,1,above 5,Mature ,successful
DATING,13909,4.2,1 month,between 30-40,10,above 4,Mature ,Not Successful
SOCIAL,5787,4.3,6 months,between 10-20,5,above 4,Mature ,successful
SOCIAL,5787,4.3,6 months,between 10-20,5,above 4,Mature ,successful
DATING,808,2.7,1 month,between 30-40,1,above 5,Mature ,Not Successful
DATING,280,4.3,3 months,between 20-30,0.5,above 6,Mature ,Not Successful
DATING,1926,2.1,more than 6 months,less than 10,5,above 4,Mature ,Not Successful
DATING,4285,4.2,3 months,between 20-30,1,above 4,Mature ,Not Successful
DATING,34642,4.5,1 month,less than 10,10,above 4,Mature ,successful
SOCIAL,2683,4.2,1 month,less than 10,1,above 4,Mature ,Not Successful
ART_AND_DESIGN,12739,3.9,1 month,above 50,10,above 6,Everyone,Not Successful
ART_AND_DESIGN,1376,3.9,1 month,less than 10,10,above 4,Everyone,Not Successful
ENTERTAINMENT,2652,3.7,3 months,between 20-30,10,above 4,Everyone,Not Successful
ENTERTAINMENT,2964,4.3,3 months,between 10-20,5,above 4,Everyone,successful
ENTERTAINMENT,711045,4,1 month,between 10-20,500,above 5,Teen,Not Successful
ENTERTAINMENT,36820,3.4,1 month,between 20-30,50,above 4,Teen,Not Successful
ENTERTAINMENT,88803,4.5,1 month,less than 10,50,above 4,Teen,successful
PRODUCTIVITY,65,4.2,1 month,less than 10,0.1,above 5,Everyone,Not Successful
NEWS_AND_MAGAZINES,18,2.8,1 month,between 10-20,0.005,above 4,Teen,Not Successful
ENTERTAINMENT,2946,2.9,more than 6 months,between 10-20,5,above 4,Teen,Not Successful
NEWS_AND_MAGAZINES,4705,4.4,3 months,less than 10,5,above 6,Everyone ,successful
VIDEO_PLAYERS,8739,4.7,6 months,between 30-40,5,above 4,Everyone,successful
ENTERTAINMENT,67265,4.4,3 months,less than 10,10,above 5,Mature ,successful
ENTERTAINMENT,4564,4.5,1 month,between 40-50,0.5,above 4,Everyone,Not Successful
VIDEO_PLAYERS,118,4.5,more than 6 months,less than 10,0.001,above 5,Everyone,Not Successful
SOCIAL,3880,4.2,3 months,between 20-30,1,above 4,Teen,Not Successful
LIBRARIES_AND_DEMO,8195,4.7,1 month,between 10-20,0.1,above 4,Everyone,Not Successful
VIDEO_PLAYERS,426,4.1,1 month,less than 10,0.1,above 5,Everyone,Not Successful
ENTERTAINMENT,128551,3.7,3 months,less than 10,50,above 4,Teen,Not Successful
ENTERTAINMENT,81088,4.2,6 months,less than 10,10,above 6,Teen,Not Successful
ENTERTAINMENT,14437,2.9,1 month,less than 10,1,above 4,Teen,Not Successful
ENTERTAINMENT,2413,4.2,3 months,less than 10,1,above 4,Everyone,Not Successful
SPORTS,2310,4,more than 6 months,less than 10,1,above 4,Everyone,Not Successful
SPORTS,14413,4.8,6 months,less than 10,10,above 4,Everyone,successful
ENTERTAINMENT,1246681,4.4,3 months,between 20-30,1000,above 4,Teen,successful
MUSIC_AND_AUDIO,185220,4.4,3 months,above 50,100,above 6,Everyone,successful
MUSIC_AND_AUDIO,1508915,4.4,3 months,between 40-50,1000,above 5,Teen,successful
ENTERTAINMENT,1092,2.6,1 month,between 10-20,1,above 5,Mature ,Not Successful
ENTERTAINMENT,2208,4.1,1 month,less than 10,10,above 6,Everyone,Not Successful
ENTERTAINMENT,4506,4.1,1 month,between 20-30,10,above 4,Teen,Not Successful
ENTERTAINMENT,4539,4.1,more than 6 months,less than 10,0.5,above 4,Everyone,Not Successful
ENTERTAINMENT,598,3.8,6 months,less than 10,0.5,above 5,Everyone,Not Successful
ENTERTAINMENT,1164,4,6 months,less than 10,0.1,above 4,Everyone,Not Successful
ENTERTAINMENT,48,4.6,1 month,less than 10,0.5,above 6,Everyone,Not Successful
ENTERTAINMENT,164,4.2,1 month,between 20-30,1,above 4,Everyone,Not Successful
PHOTOGRAPHY,46038,4.5,more than 6 months,less than 10,10,above 6,Everyone,successful
PHOTOGRAPHY,46038,4.5,more than 6 months,less than 10,10,above 6,Everyone,successful
ART_AND_DESIGN,29,4,3 months,between 20-30,0.5,above 4,Everyone,Not Successful
ART_AND_DESIGN,47,4.2,6 months,between 20-30,1,above 4,Everyone,Not Successful
ART_AND_DESIGN,635,4,1 month,between 30-40,10,above 4,Everyone,Not Successful
EDUCATION,915,4.2,6 months,above 50,10,above 4,Everyone,Not Successful
ART_AND_DESIGN,1707,4.4,1 month,between 30-40,1,above 4,Everyone,successful
ART_AND_DESIGN,1923,4.4,3 months,between 20-30,1,above 6,Everyone,successful
ART_AND_DESIGN,10770,4.3,3 months,between 20-30,10,above 6,Everyone,successful
ART_AND_DESIGN,519,3.2,more than 6 months,less than 10,1,above 4,Everyone,Not Successful
BEAUTY,18982,4.5,more than 6 months,above 50,5,above 5,Everyone,successful
BEAUTY,18990,4.5,more than 6 months,above 50,5,above 5,Everyone,successful
BEAUTY,18986,4.5,more than 6 months,above 50,5,above 5,Everyone,successful
PHOTOGRAPHY,172454,4.1,more than 6 months,between 20-30,100,above 4,Everyone,Not Successful
GAME_CASUAL,50681,4.6,1 month,between 10-20,10,above 4,Everyone,successful
GAME_PUZZLE,522,4.6,3 months,less than 10,1,above 5,Everyone,successful
GAME_PUZZLE,522,4.6,3 months,less than 10,1,above 5,Everyone,successful
SHOPPING,955079,4.7,3 months,between 40-50,100,above 4,Teen,successful
SHOPPING,33474,4.5,1 month,between 10-20,10,above 4,Everyone,successful
SHOPPING,3051,4,1 month,between 30-40,5,above 5,Everyone,Not Successful
SHOPPING,3051,4,1 month,between 30-40,5,above 5,Everyone,Not Successful
SHOPPING,0,4,3 months,less than 10,0.1,above 4,Teen,Not Successful
SHOPPING,1517,3.9,1 month,less than 10,1,above 5,Everyone,Not Successful
SHOPPING,1517,3.9,1 month,less than 10,1,above 5,Everyone,Not Successful
SHOPPING,101,4.1,6 months,less than 10,0.1,above 5,Everyone,Not Successful
SHOPPING,11,4.3,more than 6 months,less than 10,0.005,above 6,Everyone,Not Successful
SHOPPING,51085,4.2,1 month,between 10-20,10,above 4,Everyone,Not Successful
SHOPPING,56,4.1,3 months,between 10-20,0.1,above 5,Everyone,Not Successful
SHOPPING,9075433,4.4,1 month,between 20-30,1000,above 4,Teen,successful
SHOPPING,215462,4.5,more than 6 months,between 20-30,50,above 4,Everyone,successful
SHOPPING,2155,4.3,1 month,less than 10,10,above 5,Everyone,successful
SHOPPING,11907,4.6,3 months,less than 10,10,above 5,Everyone,successful
SHOPPING,12014,3.9,1 month,between 10-20,10,above 4,Everyone,Not Successful
SHOPPING,9701,4.6,1 month,between 10-20,10,above 4,Everyone,successful
LIFESTYLE,353439,4.8,3 months,between 10-20,100,above 5,Everyone,successful
SHOPPING,7333,3.7,6 months,less than 10,10,above 4,Everyone,Not Successful
SHOPPING,7333,3.7,6 months,less than 10,10,above 4,Everyone,Not Successful
SHOPPING,6074,4.4,1 month,less than 10,10,above 5,Everyone,successful
SHOPPING,2076,3.1,1 month,less than 10,5,above 4,Everyone,Not Successful
SHOPPING,22553,3.4,3 months,less than 10,50,above 4,Everyone,Not Successful
SHOPPING,392,4,1 month,between 20-30,0.5,above 5,Everyone,Not Successful
SHOPPING,4064,4.6,1 month,less than 10,5,above 4,Everyone,successful
SHOPPING,24485,4.8,6 months,between 10-20,5,above 4,Everyone,successful
SHOPPING,101911,4.3,3 months,between 10-20,100,above 5,Everyone,successful
SHOPPING,18030,3.9,3 months,between 10-20,10,above 4,Everyone,Not Successful
SHOPPING,5174,3.7,1 month,less than 10,10,above 4,Everyone,Not Successful
SHOPPING,0,3.9,6 months,less than 10,0.01,above 4,Everyone,Not Successful
SHOPPING,78,3.4,1 month,less than 10,0.1,above 4,Everyone,Not Successful
TOOLS,36725,4.4,more than 6 months,less than 10,50,above 4,Everyone,successful
TOOLS,44,4.2,6 months,less than 10,0.1,above 4,Teen,Not Successful
SHOPPING,361,4.3,3 months,between 10-20,1,above 4,Everyone,successful
SHOPPING,3795,4.3,1 month,between 10-20,10,above 5,Everyone,successful
SHOPPING,3795,4.3,1 month,between 10-20,10,above 5,Everyone,successful
SHOPPING,25877,4.3,3 months,less than 10,10,above 4,Everyone,successful
SHOPPING,1234,3.9,3 months,between 10-20,0.5,above 4,Everyone,Not Successful
SHOPPING,6711,2.8,1 month,less than 10,5,above 4,Everyone,Not Successful
SHOPPING,10794,4.4,3 months,between 10-20,500,above 4,Everyone,successful
ART_AND_DESIGN,12739,3.9,1 month,above 50,10,above 6,Everyone,Not Successful
ENTERTAINMENT,556818,4.6,1 month,less than 10,100,above 4,Everyone,successful
PHOTOGRAPHY,50053,4.3,6 months,less than 10,10,above 4,Everyone,successful
EDUCATION,3874,3.9,3 months,above 50,10,above 4,Everyone,Not Successful
ART_AND_DESIGN,1707,4.4,1 month,between 30-40,1,above 4,Everyone,successful
BUSINESS,3760,3.9,3 months,between 20-30,5,above 5,Everyone,Not Successful
BUSINESS,19122,4.2,1 month,less than 10,10,above 5,Everyone,Not Successful
BUSINESS,179371,4.6,3 months,between 40-50,100,above 5,Everyone,successful
BUSINESS,179240,4,1 month,between 10-20,10,above 4,Everyone,Not Successful
BUSINESS,9403,4.3,3 months,between 30-40,10,above 4,Everyone,successful
BUSINESS,151188,4.5,1 month,between 30-40,50,above 5,Everyone,successful
BUSINESS,8036,2.6,1 month,less than 10,5,above 4,Everyone,Not Successful
BUSINESS,71289,4.7,3 months,less than 10,10,above 4,Everyone,successful
BUSINESS,21147,4.7,3 months,between 30-40,10,above 5,Everyone,successful
BUSINESS,7834,4.4,more than 6 months,less than 10,10,above 4,Everyone,successful
BUSINESS,87402,2.4,6 months,between 10-20,10,above 4,Everyone,Not Successful
BUSINESS,155062,4.5,1 month,less than 10,100,above 4,Everyone,successful
BUSINESS,31051,4.5,1 month,between 10-20,10,above 4,Everyone,successful
BUSINESS,5553,3.6,3 months,above 50,5,above 5,Everyone,Not Successful
BUSINESS,866,4,1 month,less than 10,1,above 5,Everyone,Not Successful
BUSINESS,44482,4.8,1 month,less than 10,50,above 4,Everyone,successful
BUSINESS,29268,3.8,3 months,less than 10,10,above 4,Everyone,Not Successful
BUSINESS,26902,4.3,3 months,between 30-40,10,above 5,Everyone,successful
BUSINESS,18275,4,1 month,between 20-30,10,above 6,Everyone,Not Successful
BUSINESS,384013,4.8,6 months,between 10-20,100,above 4,Everyone,successful
BUSINESS,61448,4.2,3 months,between 10-20,10,above 4,Everyone,Not Successful
BUSINESS,7675,3.7,more than 6 months,less than 10,50,above 4,Everyone,Not Successful
BUSINESS,23919,3.4,1 month,between 10-20,50,above 4,Everyone,Not Successful
FINANCE,5558,4.6,1 month,between 10-20,1,above 4,Everyone,successful
FINANCE,965952,4.7,1 month,between 30-40,100,above 4,Everyone,successful
FINANCE,11006,3.9,6 months,less than 10,10,above 6,Everyone,Not Successful
FINANCE,5870,2.5,more than 6 months,less than 10,5,above 4,Everyone,Not Successful
FINANCE,296851,2.9,3 months,above 50,50,above 5,Everyone,Not Successful
FINANCE,324,3.6,3 months,between 10-20,0.1,above 5,Everyone,Not Successful
FINANCE,73759,4.3,1 month,between 10-20,10,above 4,Everyone,successful
FINANCE,7454,4.1,1 month,between 10-20,10,above 4,Everyone,Not Successful
FINANCE,324480,4.3,3 months,between 20-30,100,above 4,Everyone,successful
FINANCE,1555385,4.4,3 months,above 50,100,above 6,Everyone,successful
FINANCE,738,4.3,more than 6 months,less than 10,1,above 4,Everyone,successful
FINANCE,70766,4.4,3 months,less than 10,10,above 5,Everyone,successful
FINANCE,1285,4.2,3 months,between 10-20,0.1,above 5,Everyone,Not Successful
FINANCE,8692,3.9,more than 6 months,less than 10,10,above 4,Everyone,Not Successful
FINANCE,12691,4.3,3 months,between 10-20,10,above 4,Everyone,successful
FINANCE,1922644,4.5,3 months,between 10-20,100,above 5,Everyone,successful
FINANCE,1630,4.5,1 month,above 50,1,above 4,Everyone,successful
FINANCE,138599,3.9,6 months,above 50,10,above 4,Everyone,Not Successful
FINANCE,0,4,1 month,between 20-30,100,above 4,Everyone,Not Successful
FINANCE,1001,3.8,1 month,less than 10,1,above 4,Everyone,Not Successful
FINANCE,43753,3.6,6 months,between 10-20,10,above 4,Everyone,Not Successful
FINANCE,484445,4.3,1 month,between 10-20,100,above 5,Everyone,successful
FINANCE,33106,3.9,3 months,between 10-20,50,above 4,Everyone,Not Successful
FINANCE,10324,4.3,3 months,less than 10,50,above 4,Everyone,successful
FINANCE,48822,4.3,3 months,between 10-20,50,above 4,Everyone,successful
FINANCE,28219,4.5,3 months,less than 10,10,above 4,Everyone,successful
FINANCE,35776,4.6,3 months,between 30-40,10,above 4,Everyone,successful
FINANCE,211,4.4,3 months,between 10-20,0.1,above 4,Everyone,Not Successful
FINANCE,227968,4.6,1 month,above 50,100,above 5,Everyone,successful
FINANCE,237699,4.4,1 month,above 50,10,above 4,Everyone,successful
FINANCE,16445,4.5,1 month,between 10-20,10,above 5,Everyone,successful
FINANCE,173295,4.6,3 months,above 50,50,above 5,Everyone,successful
FINANCE,254138,4.3,3 months,between 20-30,100,above 5,Everyone,successful
FINANCE,27223,4.2,3 months,between 10-20,10,above 4,Everyone,Not Successful
FINANCE,12144,4.6,1 month,between 10-20,5,above 4,Everyone,successful
FINANCE,49112,4.2,1 month,less than 10,10,above 4,Everyone,Not Successful
FINANCE,45465,4.2,3 months,between 20-30,10,above 4,Everyone,Not Successful
NEWS_AND_MAGAZINES,21484,4.1,1 month,between 30-40,50,above 5,Everyone,Not Successful
NEWS_AND_MAGAZINES,19223,4.4,more than 6 months,less than 10,1,above 4,Everyone,successful
NEWS_AND_MAGAZINES,1191,3.2,more than 6 months,less than 10,1,above 4,Everyone,Not Successful
NEWS_AND_MAGAZINES,3656,2.7,3 months,less than 10,1,above 4,Everyone,Not Successful
NEWS_AND_MAGAZINES,172102,4.4,1 month,less than 10,1,above 5,Everyone,successful
NEWS_AND_MAGAZINES,1483,3.9,3 months,between 20-30,1,above 4,Everyone,Not Successful
NEWS_AND_MAGAZINES,389,4.5,1 month,less than 10,0.5,above 4,Everyone,Not Successful
NEWS_AND_MAGAZINES,9685,4,1 month,between 10-20,5,above 5,Everyone,Not Successful
NEWS_AND_MAGAZINES,228,4.3,3 months,less than 10,0.5,above 4,Everyone,Not Successful
NEWS_AND_MAGAZINES,80351,4.2,1 month,between 30-40,10,above 5,Everyone,Not Successful
NEWS_AND_MAGAZINES,24712,4.6,3 months,less than 10,10,above 4,Everyone,successful
NEWS_AND_MAGAZINES,9265,4.1,3 months,between 10-20,10,above 4,Everyone,Not Successful
NEWS_AND_MAGAZINES,1216,4.1,1 month,between 10-20,1,above 4,Everyone,Not Successful
NEWS_AND_MAGAZINES,6523,4.4,3 months,between 10-20,5,above 4,Everyone,successful
NEWS_AND_MAGAZINES,97745,4.4,1 month,less than 10,50,above 4,Everyone,successful
NEWS_AND_MAGAZINES,428,3.7,more than 6 months,between 20-30,1,above 4,Everyone,Not Successful
NEWS_AND_MAGAZINES,5549,4.3,3 months,less than 10,5,above 4,Everyone,successful
NEWS_AND_MAGAZINES,1804,4.3,1 month,less than 10,1,above 4,Everyone,successful
NEWS_AND_MAGAZINES,13191,4.2,1 month,less than 10,5,above 4,Everyone,Not Successful
NEWS_AND_MAGAZINES,3023,4.4,3 months,between 10-20,1,above 5,Everyone,successful
NEWS_AND_MAGAZINES,60506,4.1,3 months,less than 10,50,above 4,Everyone,Not Successful
NEWS_AND_MAGAZINES,283,4,1 month,less than 10,1,above 4,Everyone,Not Successful
NEWS_AND_MAGAZINES,414,4.2,6 months,between 10-20,1,above 4,Everyone,Not Successful
NEWS_AND_MAGAZINES,586,4.2,3 months,between 10-20,0.5,above 5,Everyone,Not Successful
NEWS_AND_MAGAZINES,72480,3.7,1 month,between 20-30,100,above 4,Everyone,Not Successful
NEWS_AND_MAGAZINES,2067,4.6,6 months,less than 10,0.5,above 4,Everyone,Not Successful
NEWS_AND_MAGAZINES,10203,4.7,1 month,between 30-40,5,above 4,Everyone,successful
NEWS_AND_MAGAZINES,9099,4.1,6 months,between 40-50,10,above 4,Everyone,Not Successful
NEWS_AND_MAGAZINES,5240,4.2,6 months,between 10-20,1,above 4,Everyone,Not Successful
NEWS_AND_MAGAZINES,42106,4.1,1 month,less than 10,10,above 4,Everyone,Not Successful
NEWS_AND_MAGAZINES,45070,4.7,1 month,less than 10,10,above 4,Everyone,successful
NEWS_AND_MAGAZINES,254,4.3,more than 6 months,between 20-30,1,above 4,Everyone,successful
NEWS_AND_MAGAZINES,72285,4.5,3 months,between 10-20,50,above 4,Everyone,successful
GAME_SPORTS,64987,4.2,1 month,between 10-20,50,above 4,Everyone,Not Successful
GAME_SPORTS,1617426,4.1,3 months,between 40-50,100,above 4,Everyone,Not Successful
GAME_SPORTS,1052652,4.4,1 month,above 50,500,above 4,Everyone,successful
GAME_SPORTS,32901,4.6,1 month,between 40-50,5,above 5,Everyone,successful
GAME_SPORTS,138249,4.4,3 months,above 50,100,above 4,Everyone,successful
GAME_SPORTS,25105,1.83,1 month,between 20-30,50,above 4,Everyone,Not Successful
GAME_SPORTS,36853,4.4,3 months,between 40-50,10,above 6,Everyone,successful
GAME_SPORTS,1168644,4.4,1 month,between 20-30,500,above 4,Everyone,successful
GAME_SPORTS,14769,4.3,6 months,between 40-50,5,above 4,Everyone,successful
GAME_SPORTS,5760,4.6,1 month,between 40-50,5,above 6,Everyone,successful
GAME_SPORTS,53613,4.5,1 month,between 40-50,10,above 5,Everyone,successful
GAME_SPORTS,1452,4.1,3 months,above 50,1,above 5,Everyone,Not Successful
GAME_SPORTS,6135932,3.9,6 months,above 50,1000,above 5,Everyone,Not Successful
GAME_SPORTS,7645,4.2,3 months,above 50,10,above 5,Everyone,Not Successful
WEATHER,1452,4.6,1 month,between 30-40,5,above 4,Everyone,successful
EDUCATION,58,4,6 months,less than 10,0.01,above 4,Everyone,Not Successful
BOOKS_AND_REFERENCE,921892,4.6,3 months,less than 10,100,above 4,Everyone,successful
EDUCATION,372,3.2,6 months,between 20-30,0.5,above 4,Everyone,Not Successful
EDUCATION,111272,4.5,3 months,between 20-30,100,above 4,Everyone,successful
EDUCATION,58224,4.6,6 months,between 10-20,50,above 6,Everyone,successful
EDUCATION,9298,3.4,more than 6 months,between 10-20,10,above 4,Everyone,Not Successful
EDUCATION,221,3.8,3 months,between 30-40,1,above 4,Everyone,Not Successful
EDUCATION,196980,4.7,3 months,between 10-20,100,above 5,Everyone,successful
EDUCATION,178624,4.6,3 months,less than 10,50,above 5,Everyone,successful
EDUCATION,24,3.2,more than 6 months,less than 10,0.05,above 4,Everyone,Not Successful
SHOPPING,403760,4.4,3 months,between 10-20,100,above 4,Everyone,successful
FOOD_AND_DRINK,415207,4.4,3 months,less than 10,100,above 4,Everyone,successful
FOOD_AND_DRINK,159,4.3,more than 6 months,between 20-30,0.1,above 4,Everyone,Not Successful
FOOD_AND_DRINK,22962,4,3 months,between 10-20,10,above 5,Everyone,Not Successful
FOOD_AND_DRINK,188262,3.3,6 months,between 10-20,100,above 4,Everyone,Not Successful
FOOD_AND_DRINK,21076,3.3,more than 6 months,between 30-40,10,above 4,Everyone,Not Successful
BUSINESS,159,3.3,3 months,between 10-20,0.1,above 4,Everyone,Not Successful
FOOD_AND_DRINK,1922,3.9,3 months,between 10-20,1,above 6,Everyone,Not Successful
FOOD_AND_DRINK,1421595,4.3,3 months,between 10-20,500,above 4,Everyone,successful
FOOD_AND_DRINK,2068,3.5,more than 6 months,less than 10,1,above 6,Everyone,Not Successful
FOOD_AND_DRINK,3713188,4.3,3 months,between 10-20,500,above 5,Everyone,successful
GAME_CASUAL,76967,3.9,6 months,between 20-30,100,above 4,Everyone,Not Successful
GAME_CASUAL,1271,3.1,more than 6 months,between 30-40,5,above 4,Everyone,Not Successful
GAME_BOARD,962515,4.3,3 months,less than 10,1000,above 4,Everyone,successful
GAME_EDUCATIONAL,7098,3.9,3 months,between 40-50,10,above 4,Everyone,Not Successful
GAME_CASUAL,28062,4,6 months,between 40-50,50,above 4,Everyone,Not Successful
GAME_CASUAL,20804,4,6 months,above 50,100,above 4,Everyone,Not Successful
GAME_CASUAL,3167,3.4,3 months,less than 10,5,above 4,Everyone,Not Successful
GAME_BOARD,3355375,4.2,3 months,between 40-50,1000,above 4,Everyone,Not Successful
GAME_WORD,101132,4.8,3 months,above 50,100,above 4,Everyone,successful
SOCIAL,63224,4.3,more than 6 months,less than 10,50,above 4,Everyone,successful
SOCIAL,12757259,4.2,3 months,less than 10,10000,above 4,Teen,Not Successful
SOCIAL,69313,4.2,more than 6 months,between 20-30,100,above 4,Teen,Not Successful
SOCIAL,91832865,4.4,3 months,between 20-30,10000,above 5,Teen,successful
COMMUNICATION,70019845,4.2,3 months,between 30-40,10000,above 4,Everyone,Not Successful
SOCIAL,48633,3.7,6 months,between 10-20,50,above 6,Teen,Not Successful
COMMUNICATION,4388958,4.5,3 months,between 10-20,1000,above 4,Mature,successful
NEWS_AND_MAGAZINES,14145766,4.5,3 months,between 10-20,5000,above 5,Mature,successful
COMMUNICATION,5749428,3.8,3 months,above 50,1000,above 5,Everyone,Not Successful
COMMUNICATION,101566880,4.3,3 months,between 20-30,10000,above 4,Everyone,successful
TRAVEL_AND_LOCAL,31418,4.6,3 months,between 30-40,10,above 4,Everyone,successful
TRAVEL_AND_LOCAL,43,4.1,6 months,less than 10,0.1,above 4,Everyone,Not Successful
TRAVEL_AND_LOCAL,713018,4.4,3 months,between 20-30,100,above 4,Everyone,successful
TRAVEL_AND_LOCAL,1635,3.1,more than 6 months,between 10-20,1,above 6,Everyone,Not Successful
TRAVEL_AND_LOCAL,2538,3.7,more than 6 months,less than 10,1,above 4,Everyone,Not Successful
TRAVEL_AND_LOCAL,10,3.8,6 months,less than 10,0.01,above 5,Everyone,Not Successful
TRAVEL_AND_LOCAL,2040,4.6,6 months,between 10-20,1,above 4,Teen,successful
TRAVEL_AND_LOCAL,4333,4.5,3 months,between 10-20,1,above 4,Everyone,successful
TRAVEL_AND_LOCAL,272390,4.5,3 months,less than 10,500,above 6,Everyone,successful
TRAVEL_AND_LOCAL,2144050,4.6,3 months,between 10-20,1000,above 4,Everyone,successful
TRAVEL_AND_LOCAL,290942,4.5,3 months,between 20-30,100,above 5,Everyone,successful
BOOKS_AND_REFERENCE,866776,4.6,3 months,between 30-40,1000,above 4,Teen,successful
BOOKS_AND_REFERENCE,7480,2.8,3 months,between 10-20,10,above 4,Teen,Not Successful
BOOKS_AND_REFERENCE,294,2.2,more than 6 months,between 40-50,0.5,above 5,Everyone,Not Successful
BOOKS_AND_REFERENCE,2520,3.4,3 months,between 30-40,1,above 4,Teen,Not Successful
BOOKS_AND_REFERENCE,2114,2.6,6 months,less than 10,1,above 5,Everyone,Not Successful
COMMUNICATION,2863,4.2,3 months,less than 10,5,above 5,Everyone,Not Successful
COMMUNICATION,1471,4.2,3 months,less than 10,1,above 4,Everyone,Not Successful
COMMUNICATION,144726,4.2,3 months,between 10-20,100,above 4,Everyone,Not Successful
COMMUNICATION,38937,4.1,3 months,between 10-20,10,above 4,Everyone,Not Successful
COMMUNICATION,166,3.2,6 months,less than 10,1,above 5,Everyone,Not Successful
COMMUNICATION,130642,3.3,3 months,between 30-40,100,above 4,Everyone,Not Successful
HEALTH_AND_FITNESS,333519,3.7,3 months,less than 10,500,above 6,Everyone,Not Successful
HEALTH_AND_FITNESS,68591,4.8,3 months,less than 10,100,above 4,Everyone,successful
HEALTH_AND_FITNESS,8215,4,3 months,between 10-20,10,above 4,Everyone,Not Successful
HEALTH_AND_FITNESS,6224,3.5,3 months,between 10-20,5,above 5,Everyone,Not Successful
HEALTH_AND_FITNESS,11758,2.7,3 months,less than 10,50,above 5,Everyone,Not Successful
HEALTH_AND_FITNESS,1330,3,6 months,between 10-20,1,above 5,Everyone,Not Successful
HEALTH_AND_FITNESS,4242,4.6,3 months,above 50,1,above 5,Teen,successful
HEALTH_AND_FITNESS,24501,3.6,3 months,between 20-30,100,above 4,Everyone,Not Successful
HEALTH_AND_FITNESS,486,1.5,6 months,between 20-30,0.1,above 6,Everyone,Not Successful
HEALTH_AND_FITNESS,10556,4.6,3 months,between 30-40,1,above 5,Everyone,successful
MEDICAL,238150,4.6,3 months,between 10-20,100,above 4,Everyone,successful
MEDICAL,154682,4.6,3 months,less than 10,50,above 5,Everyone,successful
MEDICAL,626,3.7,6 months,between 10-20,0.5,above 4,Everyone,Not Successful
MEDICAL,3383,3.9,3 months,between 10-20,5,above 5,Everyone,Not Successful
MEDICAL,1517,3.7,3 months,between 20-30,1,above 4,Everyone,Not Successful
MEDICAL,47,3.3,3 months,less than 10,0.1,above 4,Everyone,Not Successful
MEDICAL,2798,3.8,3 months,less than 10,1,above 4,Everyone,Not Successful
MUSIC_AND_AUDIO,71226,4.4,3 months,between 10-20,50,above 4,Teen,successful
MUSIC_AND_AUDIO,2412,4.3,more than 6 months,less than 10,10,above 5,Everyone,successful
MUSIC_AND_AUDIO,65,3.8,more than 6 months,less than 10,1,above 5,Everyone,Not Successful
MUSIC_AND_AUDIO,6185,4.1,more than 6 months,less than 10,10,above 4,Everyone,Not Successful
MUSIC_AND_AUDIO,76281,2.7,6 months,less than 10,50,above 4,Teen,Not Successful
MUSIC_AND_AUDIO,250991,4.1,3 months,less than 10,500,above 5,Everyone,Not Successful
VIDEO_PLAYERS,3486,4,3 months,between 10-20,5,above 4,Everyone,Not Successful
NEWS_AND_MAGAZINES,64206,3.3,6 months,less than 10,10,above 5,Teen,Not Successful
NEWS_AND_MAGAZINES,33206,2.6,more than 6 months,less than 10,10,above 5,Everyone,Not Successful
BOOKS_AND_REFERENCE,107117,3.8,3 months,between 30-40,100,above 4,Everyone,Not Successful
BOOKS_AND_REFERENCE,1565739,4.2,3 months,less than 10,10000,above 4,Teen,Not Successful
BOOKS_AND_REFERENCE,917743,4.1,3 months,between 40-50,1000,above 5,Teen,Not Successful
PHOTOGRAPHY,1310164,4.6,3 months,above 50,1000,above 4,Everyone,successful
PHOTOGRAPHY,8939147,4.3,3 months,between 20-30,5000,above 5,Teen,successful
ENTERTAINMENT,7356553,4.1,3 months,between 10-20,1000,above 4,Teen,Not Successful
NEWS_AND_MAGAZINES,10446,3.6,more than 6 months,less than 10,1,above 5,Everyone,Not Successful
PHOTOGRAPHY,6299668,4.4,3 months,above 50,5000,above 4,Everyone,successful
SHOPPING,8934933,4.7,3 months,above 50,1000,above 4,Teen,successful
SHOPPING,4979919,4.3,3 months,between 10-20,1000,above 4,Everyone,successful
SHOPPING,13446,4.7,3 months,less than 10,5,above 4,Everyone,successful
SHOPPING,20751,4.3,3 months,between 10-20,10,above 4,Everyone,successful
SHOPPING,10760408,4.5,3 months,between 10-20,1000,above 5,Teen,successful
SHOPPING,33247,4,3 months,less than 10,50,above 5,Everyone,Not Successful
SHOPPING,550525,4.1,3 months,between 10-20,500,above 4,Everyone,Not Successful
SHOPPING,24646,3.8,3 months,between 10-20,50,above 4,Everyone,Not Successful
ART_AND_DESIGN,563572,4.5,3 months,above 50,100,above 4,Everyone,successful
ART_AND_DESIGN,50392,3.9,3 months,between 40-50,50,above 4,Everyone,Not Successful
GAME_CASUAL,52060,4.2,3 months,between 30-40,50,above 4,Everyone,Not Successful
ART_AND_DESIGN,5179,4.1,6 months,between 30-40,10,above 4,Everyone,Not Successful
PHOTOGRAPHY,8937125,4.3,3 months,between 20-30,5000,above 4,Teen,successful
PHOTOGRAPHY,4213208,4.5,3 months,above 50,1000,above 4,Everyone,successful
PHOTOGRAPHY,834003,4.5,3 months,above 50,500,above 4,Everyone,successful
SOCIAL,89693,4.3,3 months,between 10-20,50,above 4,Mature,successful
LIFESTYLE,145595,3.6,3 months,between 10-20,100,above 5,Mature,Not Successful
DATING,36092,2.6,3 months,between 20-30,50,above 5,Mature,Not Successful
LIFESTYLE,5385,3.9,6 months,between 20-30,5,above 4,Mature,Not Successful
SOCIAL,131500,4.2,3 months,between 10-20,50,above 5,Mature,Not Successful
SOCIAL,1438055,3.8,3 months,above 50,500,above 5,Mature,Not Successful
SOCIAL,143816,4.2,3 months,between 10-20,100,above 4,Mature,Not Successful
VIDEO_PLAYERS,2004841,4.3,3 months,between 10-20,1000,above 5,Teen,successful
BOOKS_AND_REFERENCE,1565560,4.2,3 months,less than 10,10000,above 4,Teen,Not Successful
ENTERTAINMENT,7588307,4.5,3 months,between 10-20,5000,above 4,Teen,successful
MUSIC_AND_AUDIO,17149297,4.5,3 months,between 20-30,5000,above 6,Teen,successful
ENTERTAINMENT,624908,4.4,3 months,less than 10,100,above 5,Teen,successful
BOOKS_AND_REFERENCE,3458683,4.3,3 months,between 10-20,1000,above 4,Teen,successful
VIDEO_PLAYERS,63196815,4.3,3 months,between 20-30,50000,above 4,Teen,successful
BUSINESS,37038,3.7,3 months,above 50,100,above 4,Everyone,Not Successful
BUSINESS,11,3.4,3 months,less than 10,0.1,above 6,Everyone,Not Successful
BUSINESS,227333,4.5,3 months,between 40-50,100,above 5,Everyone,successful
PRODUCTIVITY,111548,4.7,3 months,above 50,10,above 4,Everyone,successful
BUSINESS,31618,4.3,3 months,between 20-30,10,above 4,Everyone,successful
FINANCE,1254746,4.4,3 months,between 10-20,100,above 4,Everyone,successful
BUSINESS,38674,4.5,3 months,between 40-50,10,above 4,Everyone,successful
BUSINESS,12939,4.4,3 months,between 20-30,10,above 4,Everyone,successful
BUSINESS,112929,4.4,6 months,between 40-50,100,above 4,Everyone,successful
FINANCE,1244,2.1,3 months,above 50,5,above 5,Everyone,Not Successful
NEWS_AND_MAGAZINES,67702,4.2,3 months,between 10-20,100,above 5,Everyone,Not Successful
FINANCE,76395,4.4,3 months,between 10-20,10,above 4,Everyone,successful
FINANCE,26384,4.3,3 months,less than 10,10,above 4,Everyone,successful
FINANCE,3788426,4.4,3 months,between 30-40,1000,above 6,Everyone,successful
FINANCE,4790,3.5,6 months,between 10-20,10,above 6,Everyone,Not Successful
FINANCE,12265,4.3,3 months,between 10-20,5,above 4,Everyone,successful
FINANCE,27328,3.6,more than 6 months,between 20-30,100,above 6,Everyone,Not Successful
FINANCE,162907,4.2,3 months,between 10-20,50,above 6,Everyone,Not Successful
NEWS_AND_MAGAZINES,338603,4.2,3 months,above 50,100,above 5,Everyone,Not Successful
SPORTS,6765,4.2,more than 6 months,between 10-20,10,above 4,Everyone,Not Successful
NEWS_AND_MAGAZINES,60605,2.8,3 months,between 10-20,50,above 5,Everyone,Not Successful
NEWS_AND_MAGAZINES,89,3.4,3 months,less than 10,0.1,above 4,Everyone,Not Successful
NEWS_AND_MAGAZINES,57658,4.3,3 months,less than 10,50,above 4,Everyone,successful
NEWS_AND_MAGAZINES,7300,4,3 months,between 10-20,10,above 4,Everyone,Not Successful
NEWS_AND_MAGAZINES,32620,3.6,3 months,between 10-20,10,above 4,Everyone,Not Successful
NEWS_AND_MAGAZINES,450607,4.2,3 months,less than 10,100,above 5,Teen,Not Successful
NEWS_AND_MAGAZINES,542824,4.2,3 months,between 10-20,100,above 4,Everyone,Not Successful
SPORTS,462,2.5,more than 6 months,less than 10,1,above 6,Everyone,Not Successful
SPORTS,128026,3.6,3 months,between 30-40,100,above 5,Everyone,Not Successful
SPORTS,44258,4.3,more than 6 months,between 10-20,5,above 4,Everyone,successful
SPORTS,144516,4.2,3 months,above 50,100,above 4,Everyone,Not Successful
SPORTS,434,3.3,3 months,between 10-20,1,above 4,Everyone,Not Successful
SPORTS,67858,4.4,3 months,between 10-20,10,above 4,Everyone,successful
SPORTS,1956,4.1,3 months,between 20-30,1,above 4,Everyone,Not Successful
SPORTS,259,4.7,3 months,between 30-40,0.1,above 5,Everyone,Not Successful
SPORTS,10,4.6,more than 6 months,less than 10,0.1,above 4,Everyone,Not Successful
SPORTS,0,4.2,3 months,between 20-30,0.5,above 5,Teen,Not Successful
WEATHER,25855,3.3,more than 6 months,between 20-30,10,above 4,Everyone,Not Successful
WEATHER,353,4.3,6 months,between 10-20,0.5,above 4,Everyone,Not Successful
WEATHER,479121,4.7,6 months,less than 10,100,above 4,Everyone,successful
WEATHER,15213,4.3,3 months,above 50,10,above 4,Everyone,successful
WEATHER,29098,4.4,6 months,between 20-30,10,above 4,Everyone,successful
WEATHER,886,3.7,3 months,between 30-40,1,above 4,Everyone,Not Successful
WEATHER,2022,4.1,3 months,between 10-20,1,above 5,Everyone,Not Successful
WEATHER,145,4.3,3 months,above 50,0.1,above 6,Everyone,Not Successful
WEATHER,2449,4.5,more than 6 months,less than 10,1,above 5,Everyone,successful
Auto & vehicles,113,4.3,3 months,between 20-30,0.05,above 6,Everyone,Not Successful
Auto & vehicles,26000,4.6,3 months,less than 10,10,above 5,Everyone,successful
Auto & vehicles,148000,4.7,3 months,between 10-20,50,above 4,Everyone,successful
Auto & vehicles,1000,3,6 months,between 40-50,1,above 5,Everyone,Not Successful
Auto & vehicles,58,3.3,3 months,between 10-20,0.05,above 4,Everyone,Not Successful
Tools,61000,2.9,6 months,less than 10,50,above 6,Everyone,Not Successful
Tools,96000,3.2,3 months,between 40-50,100,above 4,Everyone,Not Successful
Tools,4000000,4.6,6 months,between 30-40,1000,above 4,Everyone,successful
Tools,427000,3.5,more than 6 months,between 20-30,500,above 5,Everyone,Not Successful
Tools,45,3.6,3 months,less than 10,1,above 5,Everyone,Not Successful
DayDream,3000,3.9,3 months,between 40-50,10,above 5,Everyone,Not Successful
DayDream,22000,3.9,more than 6 months,between 30-40,50,above 5,Everyone,Not Successful
DayDream,31000,4.5,more than 6 months,less than 10,10,above 4,Teen,successful
Dating,358986,3.9,3 months,between 20-30,100,above 6,Teen,Not Successful
